feature_id,year,Sum_SSI,Count_Extreme_Drought_Days
CHADIZA,2000,17.91197900750486,12
CHADIZA,2001,66.27970359050046,0
CHADIZA,2002,20.102693298849758,0
CHADIZA,2003,50.16859632401872,2
CHADIZA,2004,-1.976396079226832,7
CHADIZA,2005,-163.49076531127204,56
CHADIZA,2006,69.05358293880657,0
CHADIZA,2007,-1.791545315507443,0
CHADIZA,2008,-37.65930769213222,7
CHADIZA,2009,50.074054773556725,0
CHADIZA,2010,35.47442609262367,0
CHADIZA,2011,31.935912242003617,0
CHADIZA,2012,36.34675089186576,0
CHADIZA,2013,-1.8817276534110359,0
CHADIZA,2014,5.650113046226252,0
CHADIZA,2015,14.876353110288399,0
CHADIZA,2016,-84.11221086230171,25
CHADIZA,2017,53.90241846296522,0
CHADIZA,2018,-45.14646592252266,24
CHADIZA,2019,22.284345348036915,7
CHADIZA,2020,-51.70118412897356,11
CHADIZA,2021,41.830549622410665,0
CHADIZA,2022,8.713042299214566,5
CHADIZA,2023,69.98566539032497,0
CHADIZA,2024,-219.22981919166625,85
CHADIZA,2025,-13.635193687739338,8
CHADIZA,2026,23.450425048679467,4
CHAMA,2000,-163.8799622203028,51
CHAMA,2001,49.4660768113436,0
CHAMA,2002,69.2447182777442,0
CHAMA,2003,-34.242878454355626,12
CHAMA,2004,-57.41466460740898,14
CHAMA,2005,-138.07558777913917,58
CHAMA,2006,-80.3146591243689,32
CHAMA,2007,9.198081611870021,7
CHAMA,2008,-30.707439403085782,33
CHAMA,2009,-10.980442928821486,0
CHAMA,2010,31.21554577680668,0
CHAMA,2011,16.817551225984953,0
CHAMA,2012,12.626948190178766,0
CHAMA,2013,22.319461672711814,0
CHAMA,2014,33.725691812324975,0
CHAMA,2015,-20.27876786834857,15
CHAMA,2016,25.04022688121971,0
CHAMA,2017,-35.41082097521703,15
CHAMA,2018,29.440573505990333,9
CHAMA,2019,31.98161903897152,0
CHAMA,2020,53.749804876369204,0
CHAMA,2021,56.8138043365044,0
CHAMA,2022,54.897364110973484,4
CHAMA,2023,93.21692547913457,0
CHAMA,2024,61.108639495521174,0
CHAMA,2025,-139.3322273017882,41
CHAMA,2026,56.8630348306746,0
CHASEFU,2000,-181.09315359092164,55
CHASEFU,2001,49.9417462822393,0
CHASEFU,2002,40.027066014252355,3
CHASEFU,2003,15.331371866467718,9
CHASEFU,2004,-63.269799315012676,19
CHASEFU,2005,-145.8404066899335,59
CHASEFU,2006,-74.54683119072988,10
CHASEFU,2007,11.919427957731509,1
CHASEFU,2008,-19.33156616842869,6
CHASEFU,2009,9.453877021372136,1
CHASEFU,2010,-10.685226176812467,7
CHASEFU,2011,-32.61479176508941,10
CHASEFU,2012,45.965428716849125,0
CHASEFU,2013,12.758162789851779,0
CHASEFU,2014,40.53379434117043,0
CHASEFU,2015,7.349671779097572,13
CHASEFU,2016,0.47659050050841106,0
CHASEFU,2017,-50.0893860351661,18
CHASEFU,2018,37.581360436102365,8
CHASEFU,2019,44.518411440508395,0
CHASEFU,2020,56.31710353368821,0
CHASEFU,2021,92.83195091052303,0
CHASEFU,2022,68.35119279806906,4
CHASEFU,2023,125.86995064376303,0
CHASEFU,2024,-10.421436746484892,3
CHASEFU,2025,-133.67819320144227,37
CHASEFU,2026,58.93143931082737,0
CHIBOMBO,2000,31.549658736182206,5
CHIBOMBO,2001,79.40515049081996,0
CHIBOMBO,2002,-88.36194940506037,17
CHIBOMBO,2003,41.05244018569197,10
CHIBOMBO,2004,-15.90309869521645,10
CHIBOMBO,2005,-178.16720808397667,70
CHIBOMBO,2006,40.222469951010964,0
CHIBOMBO,2007,-4.258783175855488,0
CHIBOMBO,2008,-41.34857739096197,0
CHIBOMBO,2009,54.18314509868018,0
CHIBOMBO,2010,39.35285184849903,0
CHIBOMBO,2011,30.880985022994498,0
CHIBOMBO,2012,48.23602971562877,0
CHIBOMBO,2013,6.250510629657417,0
CHIBOMBO,2014,47.49047803685081,0
CHIBOMBO,2015,59.602992534483604,0
CHIBOMBO,2016,0.6412420551454804,19
CHIBOMBO,2017,84.25308829812832,0
CHIBOMBO,2018,-18.48552622514366,22
CHIBOMBO,2019,-38.69833503116998,8
CHIBOMBO,2020,-64.1189719707053,14
CHIBOMBO,2021,34.961204011879545,0
CHIBOMBO,2022,53.97661385917402,0
CHIBOMBO,2023,-9.057887075771358,0
CHIBOMBO,2024,-214.63928294333016,75
CHIBOMBO,2025,-17.556136738653027,0
CHIBOMBO,2026,36.22914644018144,0
CHIENGI,2000,-41.38066718264268,16
CHIENGI,2001,10.15832428936506,4
CHIENGI,2002,31.1774859228897,6
CHIENGI,2003,-9.4053198723127,5
CHIENGI,2004,-11.726758231347413,11
CHIENGI,2005,-80.21639403499312,37
CHIENGI,2006,25.33193351554877,5
CHIENGI,2007,-84.28786467460374,20
CHIENGI,2008,20.60802610809749,3
CHIENGI,2009,-35.41799386111749,30
CHIENGI,2010,7.992773117292877,3
CHIENGI,2011,19.608006901471885,1
CHIENGI,2012,-24.302644348627904,7
CHIENGI,2013,35.384087444882574,1
CHIENGI,2014,8.68381338761979,11
CHIENGI,2015,-69.74696281412886,31
CHIENGI,2016,37.381665755941434,0
CHIENGI,2017,11.166006609893206,12
CHIENGI,2018,22.84818757636111,8
CHIENGI,2019,10.766334481249968,0
CHIENGI,2020,30.56959357314433,8
CHIENGI,2021,-8.789344873169332,17
CHIENGI,2022,51.13353738254616,0
CHIENGI,2023,-5.941571608711701,21
CHIENGI,2024,37.71601141166814,2
CHIENGI,2025,-19.014286141772143,15
CHIENGI,2026,28.495590507776733,0
CHIKANKANTA,2000,49.30315679774519,7
CHIKANKANTA,2001,64.99893039283198,0
CHIKANKANTA,2002,-127.05873307822705,32
CHIKANKANTA,2003,22.682530711984658,8
CHIKANKANTA,2004,9.766500320772856,11
CHIKANKANTA,2005,-127.60906115180683,45
CHIKANKANTA,2006,72.74898561600189,0
CHIKANKANTA,2007,21.926681940852728,0
CHIKANKANTA,2008,-32.27850052282392,12
CHIKANKANTA,2009,43.89703444702121,0
CHIKANKANTA,2010,36.847279903935615,0
CHIKANKANTA,2011,37.7682187647192,0
CHIKANKANTA,2012,57.14442402468902,0
CHIKANKANTA,2013,-6.027760692729706,0
CHIKANKANTA,2014,44.96494747045804,0
CHIKANKANTA,2015,60.565356685982415,0
CHIKANKANTA,2016,9.681264477005294,18
CHIKANKANTA,2017,74.43125918701449,0
CHIKANKANTA,2018,6.7043299164177785,19
CHIKANKANTA,2019,-117.72355774180613,55
CHIKANKANTA,2020,-82.44201418505561,15
CHIKANKANTA,2021,2.2942179894074513,0
CHIKANKANTA,2022,48.92289832357578,0
CHIKANKANTA,2023,-26.833398024741907,4
CHIKANKANTA,2024,-152.25958903411524,70
CHIKANKANTA,2025,-11.449896516463966,0
CHIKANKANTA,2026,18.532601462768767,0
CHILANGA,2000,40.344425150760166,8
CHILANGA,2001,65.86493021422888,0
CHILANGA,2002,-76.81424089752895,22
CHILANGA,2003,33.328842066479886,8
CHILANGA,2004,1.467834535400908,10
CHILANGA,2005,-144.31545552216653,56
CHILANGA,2006,64.61732039629591,0
CHILANGA,2007,3.933881519934509,3
CHILANGA,2008,-40.96903064746168,1
CHILANGA,2009,39.99634809074312,0
CHILANGA,2010,55.515177431942206,0
CHILANGA,2011,37.94182112921734,0
CHILANGA,2012,52.842435416297064,2
CHILANGA,2013,-31.207932646965155,0
CHILANGA,2014,44.67562186423854,0
CHILANGA,2015,54.01801244472066,0
CHILANGA,2016,15.398497707531355,18
CHILANGA,2017,63.34761026984573,0
CHILANGA,2018,-3.571790564258037,23
CHILANGA,2019,-64.16872837332372,34
CHILANGA,2020,-86.04736743838488,15
CHILANGA,2021,3.366365363088666,0
CHILANGA,2022,43.53536587253723,0
CHILANGA,2023,-49.21096540101842,6
CHILANGA,2024,-168.69748256190735,51
CHILANGA,2025,-5.045965275732505,0
CHILANGA,2026,48.17049946158761,0
CHINSALI,2000,-151.81849692714488,54
CHINSALI,2001,31.00141113718619,0
CHINSALI,2002,43.464290836455504,0
CHINSALI,2003,-0.015160359060057693,11
CHINSALI,2004,-98.59283527293688,21
CHINSALI,2005,-118.90383476793647,51
CHINSALI,2006,-80.73527020497659,16
CHINSALI,2007,-29.21820649989937,27
CHINSALI,2008,-17.667327324289737,17
CHINSALI,2009,-35.74167446662046,5
CHINSALI,2010,3.7293933934296986,4
CHINSALI,2011,-3.394839709950086,2
CHINSALI,2012,7.684126086760381,0
CHINSALI,2013,6.505410557270355,0
CHINSALI,2014,27.344045874089293,0
CHINSALI,2015,-29.04548821263324,20
CHINSALI,2016,35.11711655193686,0
CHINSALI,2017,-5.529971372286199,6
CHINSALI,2018,34.502575614821374,8
CHINSALI,2019,26.692270018117213,0
CHINSALI,2020,88.93575841852518,0
CHINSALI,2021,56.6304876093585,0
CHINSALI,2022,43.540663909320735,5
CHINSALI,2023,76.96794027422891,0
CHINSALI,2024,109.8149156302993,0
CHINSALI,2025,-98.98568035702144,31
CHINSALI,2026,75.74293893809762,0
CHIPANGALI,2000,-42.49553845993883,21
CHIPANGALI,2001,86.2395323335823,0
CHIPANGALI,2002,42.08716469925844,0
CHIPANGALI,2003,30.03119755469459,11
CHIPANGALI,2004,-34.42888702905593,12
CHIPANGALI,2005,-176.2790289013914,79
CHIPANGALI,2006,31.950037199191975,3
CHIPANGALI,2007,-8.42112189877852,0
CHIPANGALI,2008,-22.26776980712351,5
CHIPANGALI,2009,51.27697904193077,0
CHIPANGALI,2010,23.802673090158574,0
CHIPANGALI,2011,-11.512742807199594,9
CHIPANGALI,2012,76.11326565182955,0
CHIPANGALI,2013,15.639932535488139,0
CHIPANGALI,2014,6.853199295213599,0
CHIPANGALI,2015,-72.42096435731462,24
CHIPANGALI,2016,-72.72028746657017,15
CHIPANGALI,2017,12.900527309662408,2
CHIPANGALI,2018,-16.035786050113476,10
CHIPANGALI,2019,37.614234761747994,7
CHIPANGALI,2020,10.276999005658036,0
CHIPANGALI,2021,74.62147146911167,0
CHIPANGALI,2022,41.0320112150714,4
CHIPANGALI,2023,110.58759944677755,0
CHIPANGALI,2024,-119.4412401005361,25
CHIPANGALI,2025,-117.21759686676864,31
CHIPANGALI,2026,39.17021253317035,0
CHIPATA,2000,-5.191186477810994,13
CHIPATA,2001,58.8847465519075,0
CHIPATA,2002,50.815661781722135,3
CHIPATA,2003,38.491256297713406,3
CHIPATA,2004,22.754229334567334,7
CHIPATA,2005,-160.7510583849582,66
CHIPATA,2006,77.54976492503992,0
CHIPATA,2007,-21.307446942779737,2
CHIPATA,2008,-29.716175972327918,5
CHIPATA,2009,42.864037445158964,0
CHIPATA,2010,35.62380082888864,0
CHIPATA,2011,39.08808323198996,2
CHIPATA,2012,42.293536187492535,0
CHIPATA,2013,-6.945206857634976,0
CHIPATA,2014,-10.256423684468976,2
CHIPATA,2015,-5.610834983276517,7
CHIPATA,2016,-71.33102241743352,20
CHIPATA,2017,35.268690001204575,0
CHIPATA,2018,-40.09278869540358,24
CHIPATA,2019,5.473440384121338,8
CHIPATA,2020,-37.62955225635129,5
CHIPATA,2021,35.6923000302865,0
CHIPATA,2022,24.931419270295958,3
CHIPATA,2023,78.75231822010413,0
CHIPATA,2024,-182.70587732746932,64
CHIPATA,2025,-47.98698299902114,20
CHIPATA,2026,28.627021991176296,2
CHIRUNDU,2000,32.63071597764546,6
CHIRUNDU,2001,74.13812831988801,2
CHIRUNDU,2002,-170.9351101070577,42
CHIRUNDU,2003,31.487570377282804,1
CHIRUNDU,2004,-26.67477584785431,13
CHIRUNDU,2005,-131.58669109129823,33
CHIRUNDU,2006,76.9769994006135,0
CHIRUNDU,2007,12.078958656953589,0
CHIRUNDU,2008,19.198421167914436,0
CHIRUNDU,2009,82.43669820409525,0
CHIRUNDU,2010,4.161115784833458,14
CHIRUNDU,2011,-8.485300551953598,0
CHIRUNDU,2012,27.59182320964199,0
CHIRUNDU,2013,33.5668453765923,0
CHIRUNDU,2014,26.199144467092886,0
CHIRUNDU,2015,93.66253319965423,0
CHIRUNDU,2016,-5.6145304803692575,24
CHIRUNDU,2017,123.32036577987775,0
CHIRUNDU,2018,20.958898318147234,15
CHIRUNDU,2019,-141.11137554398508,42
CHIRUNDU,2020,-59.7646122947857,8
CHIRUNDU,2021,42.76502367805565,0
CHIRUNDU,2022,17.838690402450084,0
CHIRUNDU,2023,-2.9184919127535203,0
CHIRUNDU,2024,-97.16991531026302,41
CHIRUNDU,2025,-32.25672427037476,0
CHIRUNDU,2026,-44.336560649384744,9
CHISAMBA,2000,29.71126691819246,13
CHISAMBA,2001,78.39831745933378,0
CHISAMBA,2002,-106.19985663197865,22
CHISAMBA,2003,49.007240456006635,6
CHISAMBA,2004,-26.18990186869715,14
CHISAMBA,2005,-206.55873783741492,84
CHISAMBA,2006,43.63133566087766,0
CHISAMBA,2007,3.7211165346592283,0
CHISAMBA,2008,-31.17184656435101,0
CHISAMBA,2009,68.17264146583516,0
CHISAMBA,2010,50.86796052636352,0
CHISAMBA,2011,26.31889972537983,0
CHISAMBA,2012,40.17626389260437,0
CHISAMBA,2013,16.621479118454072,0
CHISAMBA,2014,34.02018717872035,0
CHISAMBA,2015,77.18054760895552,0
CHISAMBA,2016,-30.286619087219872,23
CHISAMBA,2017,85.01575058967045,0
CHISAMBA,2018,-19.528635023674006,23
CHISAMBA,2019,-55.76389026744572,0
CHISAMBA,2020,-73.8707548603987,17
CHISAMBA,2021,50.615434601714924,0
CHISAMBA,2022,48.57733796037114,0
CHISAMBA,2023,-1.4056432422605334,0
CHISAMBA,2024,-193.31068565025404,73
CHISAMBA,2025,3.2199565377344834,0
CHISAMBA,2026,36.98171604060444,0
CHITAMBO,2000,-29.12217198551198,19
CHITAMBO,2001,63.783404176676136,0
CHITAMBO,2002,0.8210091092632781,6
CHITAMBO,2003,32.31245160816111,8
CHITAMBO,2004,-26.767308791004073,14
CHITAMBO,2005,-184.64485634795443,81
CHITAMBO,2006,-9.850335707176427,5
CHITAMBO,2007,-8.001822617643608,5
CHITAMBO,2008,-44.57956413680398,37
CHITAMBO,2009,45.047988897886036,0
CHITAMBO,2010,31.04418775740291,0
CHITAMBO,2011,-4.018129254414555,5
CHITAMBO,2012,69.41734698321035,0
CHITAMBO,2013,-23.25366389024622,0
CHITAMBO,2014,30.4428655797832,0
CHITAMBO,2015,26.209491113121697,13
CHITAMBO,2016,-33.90511189106825,13
CHITAMBO,2017,21.022309662288144,0
CHITAMBO,2018,-20.201965318904566,12
CHITAMBO,2019,38.457415576605584,7
CHITAMBO,2020,18.82787149591347,0
CHITAMBO,2021,62.37120639995863,0
CHITAMBO,2022,41.99270304020517,6
CHITAMBO,2023,107.51302658906756,0
CHITAMBO,2024,-166.8344906699006,59
CHITAMBO,2025,-65.26257078901628,21
CHITAMBO,2026,24.93163228980867,0
CHOMA,2000,56.27590216457313,3
CHOMA,2001,44.85922290442033,0
CHOMA,2002,-129.67269464773895,53
CHOMA,2003,-54.479676964401136,18
CHOMA,2004,25.719223238887135,4
CHOMA,2005,-95.282322963119,11
CHOMA,2006,67.96234425737123,0
CHOMA,2007,30.897504015379187,0
CHOMA,2008,-30.140074276298343,0
CHOMA,2009,35.85108228993462,0
CHOMA,2010,66.50916753425113,0
CHOMA,2011,53.163152893621806,0
CHOMA,2012,47.54995547902827,0
CHOMA,2013,-24.031598502192654,2
CHOMA,2014,65.54640890599015,0
CHOMA,2015,40.740200053343834,0
CHOMA,2016,13.909336628821409,12
CHOMA,2017,61.002997439691455,0
CHOMA,2018,42.378826227781865,14
CHOMA,2019,-119.0744221061691,54
CHOMA,2020,-34.10232386137104,11
CHOMA,2021,2.8618761450279626,0
CHOMA,2022,48.910659718636865,0
CHOMA,2023,-43.90681358025771,17
CHOMA,2024,-214.6253997748472,72
CHOMA,2025,-6.216973567655366,2
CHOMA,2026,45.23066230880852,0
CHONGWE,2000,30.979511211318513,12
CHONGWE,2001,59.60812308563353,0
CHONGWE,2002,-97.96816980571855,24
CHONGWE,2003,42.05020193694533,6
CHONGWE,2004,-7.0832604877058305,12
CHONGWE,2005,-141.7120681385672,55
CHONGWE,2006,53.8105056199467,0
CHONGWE,2007,19.94927450364781,0
CHONGWE,2008,-28.922499648163683,0
CHONGWE,2009,39.821913365504265,0
CHONGWE,2010,47.69292411616901,0
CHONGWE,2011,34.360275423928215,0
CHONGWE,2012,61.75994144756747,0
CHONGWE,2013,-11.421330255506538,0
CHONGWE,2014,26.559779867845652,0
CHONGWE,2015,60.673616804989564,0
CHONGWE,2016,1.2542627488339924,19
CHONGWE,2017,65.59237575159966,0
CHONGWE,2018,-14.273111240888356,24
CHONGWE,2019,-67.74385709810453,35
CHONGWE,2020,-76.20443700307493,18
CHONGWE,2021,14.848207791519453,0
CHONGWE,2022,58.2568491883895,0
CHONGWE,2023,-32.758887594165984,0
CHONGWE,2024,-182.43205088964044,67
CHONGWE,2025,0.7487782510031603,2
CHONGWE,2026,41.478260145302954,0
GWEMBE,2000,67.55513571682698,2
GWEMBE,2001,48.092264996832284,1
GWEMBE,2002,-98.50305701544994,18
GWEMBE,2003,-44.23537692642026,22
GWEMBE,2004,37.836440720933425,5
GWEMBE,2005,-95.14929515802525,15
GWEMBE,2006,71.24936071814699,0
GWEMBE,2007,10.068141197892333,0
GWEMBE,2008,-23.473487932934365,0
GWEMBE,2009,50.02472588633054,0
GWEMBE,2010,51.99137173420887,0
GWEMBE,2011,51.68047397501295,0
GWEMBE,2012,63.45708274764974,0
GWEMBE,2013,-3.5289007909276755,0
GWEMBE,2014,61.15466527539139,0
GWEMBE,2015,24.843034018284396,0
GWEMBE,2016,-3.0410851396336516,18
GWEMBE,2017,64.56123094101004,0
GWEMBE,2018,33.06807075332632,16
GWEMBE,2019,-129.643328125975,58
GWEMBE,2020,-58.08825501641727,9
GWEMBE,2021,-18.183811190322125,16
GWEMBE,2022,47.41377951183531,0
GWEMBE,2023,-48.88105671791239,18
GWEMBE,2024,-170.7557289454579,70
GWEMBE,2025,-8.691060680611317,0
GWEMBE,2026,18.349397414999856,0
ISOKA,2000,-194.6085982728236,63
ISOKA,2001,44.55034906013913,0
ISOKA,2002,45.2019456034439,0
ISOKA,2003,-19.315198714574265,13
ISOKA,2004,-50.28829585293255,11
ISOKA,2005,-67.28197404852138,32
ISOKA,2006,-153.00204067345547,60
ISOKA,2007,-7.67760993448057,15
ISOKA,2008,-2.113283428273638,0
ISOKA,2009,-31.182127851350234,4
ISOKA,2010,-25.643337922687035,15
ISOKA,2011,-16.50120943856269,0
ISOKA,2012,9.873342946243774,0
ISOKA,2013,28.353127170610556,0
ISOKA,2014,48.83396043508745,0
ISOKA,2015,-57.079289808898665,19
ISOKA,2016,41.51172527702285,2
ISOKA,2017,-46.17995844291926,5
ISOKA,2018,51.847420206447154,5
ISOKA,2019,29.550466571058276,0
ISOKA,2020,70.06732668429977,0
ISOKA,2021,82.55197573520786,0
ISOKA,2022,40.31764954509708,4
ISOKA,2023,85.27329092200902,0
ISOKA,2024,106.37530142964334,0
ISOKA,2025,-82.32655461060341,27
ISOKA,2026,67.54817743840536,0
ITEZHI-TEZHI,2000,42.05732609526752,2
ITEZHI-TEZHI,2001,44.61670719687543,0
ITEZHI-TEZHI,2002,-157.02606035092202,74
ITEZHI-TEZHI,2003,-9.718789403324296,12
ITEZHI-TEZHI,2004,24.479858820389346,0
ITEZHI-TEZHI,2005,-174.22673809221746,73
ITEZHI-TEZHI,2006,56.24885480519924,0
ITEZHI-TEZHI,2007,18.359600992489312,0
ITEZHI-TEZHI,2008,-14.955538380398197,0
ITEZHI-TEZHI,2009,45.36951127442862,0
ITEZHI-TEZHI,2010,51.656801371048445,0
ITEZHI-TEZHI,2011,39.38060053599295,0
ITEZHI-TEZHI,2012,55.09153936485976,0
ITEZHI-TEZHI,2013,-15.601228313839222,0
ITEZHI-TEZHI,2014,49.42768701589869,0
ITEZHI-TEZHI,2015,39.80074447461758,0
ITEZHI-TEZHI,2016,27.09622831255925,14
ITEZHI-TEZHI,2017,64.83797310376978,0
ITEZHI-TEZHI,2018,28.014829069939896,18
ITEZHI-TEZHI,2019,-73.55741700516352,30
ITEZHI-TEZHI,2020,-59.74577860457334,19
ITEZHI-TEZHI,2021,10.815331815388367,0
ITEZHI-TEZHI,2022,78.90572660542338,0
ITEZHI-TEZHI,2023,-21.854977311789053,0
ITEZHI-TEZHI,2024,-186.36714677722267,72
ITEZHI-TEZHI,2025,-8.985779625706025,0
ITEZHI-TEZHI,2026,44.401121013225946,0
KABOMPO,2000,21.108374338116683,4
KABOMPO,2001,39.40134527793492,0
KABOMPO,2002,-19.720294371866434,9
KABOMPO,2003,21.1424390331596,5
KABOMPO,2004,17.134812925162123,9
KABOMPO,2005,-49.55426616659342,17
KABOMPO,2006,12.380636850768916,0
KABOMPO,2007,1.8174285360939244,1
KABOMPO,2008,-26.991468633614247,8
KABOMPO,2009,-4.013340000774468,0
KABOMPO,2010,33.0172396341474,0
KABOMPO,2011,13.929005058192892,2
KABOMPO,2012,-3.4881125232006744,7
KABOMPO,2013,-60.98850238391626,37
KABOMPO,2014,59.900724472810474,1
KABOMPO,2015,11.616741121189893,16
KABOMPO,2016,0.2562862038624397,10
KABOMPO,2017,3.055565658443198,7
KABOMPO,2018,54.657492920866375,2
KABOMPO,2019,-22.849166089893497,16
KABOMPO,2020,37.5016332554399,0
KABOMPO,2021,-8.4757839651763,3
KABOMPO,2022,50.32798500165476,5
KABOMPO,2023,15.905890164933929,4
KABOMPO,2024,-201.92274283648138,70
KABOMPO,2025,-6.045671113315836,11
KABOMPO,2026,7.7381462477438605,4
KABWE,2000,19.30477748062514,13
KABWE,2001,81.98817580119956,0
KABWE,2002,-56.49870860041631,2
KABWE,2003,32.74839127619255,8
KABWE,2004,-2.0900863012401762,10
KABWE,2005,-219.18295367610583,86
KABWE,2006,43.53179837145371,0
KABWE,2007,-11.406120803306411,0
KABWE,2008,-26.328001512643976,0
KABWE,2009,65.61255440157998,0
KABWE,2010,62.47926996552567,0
KABWE,2011,28.05986246661081,0
KABWE,2012,37.82308015729267,0
KABWE,2013,9.083887956868665,0
KABWE,2014,34.39820571763972,0
KABWE,2015,66.03356056957008,0
KABWE,2016,2.0613089298952607,14
KABWE,2017,71.94092524016524,0
KABWE,2018,-23.910534790602195,25
KABWE,2019,-54.29887411010108,4
KABWE,2020,-75.05977685969272,19
KABWE,2021,43.082204389543875,0
KABWE,2022,42.100108693936996,0
KABWE,2023,23.797313350094317,0
KABWE,2024,-230.20163236712798,82
KABWE,2025,-5.363467026118423,1
KABWE,2026,38.21564740868306,0
KAFUE,2000,39.91868596759434,8
KAFUE,2001,51.42057983791593,0
KAFUE,2002,-115.34798865895766,25
KAFUE,2003,22.579580591497354,6
KAFUE,2004,21.434988345649227,10
KAFUE,2005,-130.91312131237956,49
KAFUE,2006,71.43475554627257,0
KAFUE,2007,22.178418185240613,0
KAFUE,2008,-17.787620715103127,0
KAFUE,2009,46.232106871766945,0
KAFUE,2010,45.03550788584539,0
KAFUE,2011,23.36159667061853,0
KAFUE,2012,48.190258000300624,0
KAFUE,2013,-11.952753732441828,0
KAFUE,2014,40.29613662841498,0
KAFUE,2015,57.96975817366331,0
KAFUE,2016,8.431713749188265,19
KAFUE,2017,81.7379527845032,0
KAFUE,2018,-6.689236476835029,22
KAFUE,2019,-95.54318117792141,49
KAFUE,2020,-81.41195532499916,17
KAFUE,2021,14.199365280461917,0
KAFUE,2022,40.44454813776124,0
KAFUE,2023,-27.011835839324686,0
KAFUE,2024,-169.10821048122213,64
KAFUE,2025,4.8445378878511125,0
KAFUE,2026,15.002622118776793,0
KALOMO,2000,38.70553884885149,4
KALOMO,2001,40.365283315384914,0
KALOMO,2002,-157.32255774817207,69
KALOMO,2003,-60.044751587245784,19
KALOMO,2004,22.6285312881835,1
KALOMO,2005,-106.61159005138941,14
KALOMO,2006,72.88583057583386,0
KALOMO,2007,25.956732138525723,0
KALOMO,2008,-37.49395455676317,1
KALOMO,2009,43.541877825220766,0
KALOMO,2010,75.76520452397838,0
KALOMO,2011,52.16709345277539,0
KALOMO,2012,45.03394789710628,0
KALOMO,2013,-23.99143936060971,0
KALOMO,2014,63.46275885738843,0
KALOMO,2015,43.959401238190345,0
KALOMO,2016,4.084881373454273,13
KALOMO,2017,68.14887519748753,0
KALOMO,2018,38.53610604140474,18
KALOMO,2019,-93.91165150920617,50
KALOMO,2020,-30.90425876473498,14
KALOMO,2021,7.841402662833406,0
KALOMO,2022,57.03358643574328,0
KALOMO,2023,-34.53293055648732,6
KALOMO,2024,-204.64805523138142,72
KALOMO,2025,-2.815948582186978,0
KALOMO,2026,49.03385708232902,0
KALULUSHI,2000,11.30513510997727,4
KALULUSHI,2001,38.789839895665445,0
KALULUSHI,2002,-8.4338681301399,6
KALULUSHI,2003,13.544068370664283,9
KALULUSHI,2004,-18.179086488423827,12
KALULUSHI,2005,-118.08768454766678,39
KALULUSHI,2006,14.669318526711091,0
KALULUSHI,2007,-75.62650278605423,44
KALULUSHI,2008,-52.905063568906066,13
KALULUSHI,2009,14.372274057984159,0
KALULUSHI,2010,38.10276113782357,1
KALULUSHI,2011,25.233030112778916,3
KALULUSHI,2012,22.26467691867301,3
KALULUSHI,2013,-35.55077570228908,10
KALULUSHI,2014,52.99333082965689,0
KALULUSHI,2015,26.00528412029913,17
KALULUSHI,2016,-0.4465704778522048,11
KALULUSHI,2017,-0.5738913599439055,5
KALULUSHI,2018,37.4668949978191,7
KALULUSHI,2019,21.032268086096476,7
KALULUSHI,2020,8.613096591301478,7
KALULUSHI,2021,4.171651656992892,2
KALULUSHI,2022,54.025450313290364,5
KALULUSHI,2023,51.94943486703253,1
KALULUSHI,2024,-145.57348183360622,51
KALULUSHI,2025,0.4822347667077751,11
KALULUSHI,2026,17.85495171729307,1
KANCHIBIYA,2000,-67.0137725772349,22
KANCHIBIYA,2001,37.636560385378644,0
KANCHIBIYA,2002,20.630968607367297,7
KANCHIBIYA,2003,12.131936738838725,10
KANCHIBIYA,2004,-68.1975090264922,25
KANCHIBIYA,2005,-149.15353363280502,67
KANCHIBIYA,2006,-22.930074115456833,5
KANCHIBIYA,2007,-4.359517357808407,11
KANCHIBIYA,2008,-83.86506652674768,40
KANCHIBIYA,2009,23.999453872293007,0
KANCHIBIYA,2010,28.026125992660493,5
KANCHIBIYA,2011,-15.893363498194727,5
KANCHIBIYA,2012,53.79788790364491,0
KANCHIBIYA,2013,-15.602643075153207,5
KANCHIBIYA,2014,38.43254973532211,1
KANCHIBIYA,2015,5.006486684770949,16
KANCHIBIYA,2016,23.377114643256164,7
KANCHIBIYA,2017,15.759939782879151,2
KANCHIBIYA,2018,-9.628294931450247,10
KANCHIBIYA,2019,57.34355968309317,6
KANCHIBIYA,2020,65.30474207207924,0
KANCHIBIYA,2021,66.60193505741869,0
KANCHIBIYA,2022,46.64354252088767,6
KANCHIBIYA,2023,91.73778178865007,2
KANCHIBIYA,2024,-76.7468133227558,24
KANCHIBIYA,2025,-115.67600845864199,33
KANCHIBIYA,2026,39.546895227464184,0
KAOMA,2000,31.17460013977336,1
KAOMA,2001,48.20666545644199,0
KAOMA,2002,-61.20040844963321,27
KAOMA,2003,24.349245748116218,8
KAOMA,2004,35.89617205301751,4
KAOMA,2005,-80.03015237330729,30
KAOMA,2006,8.686889281996189,0
KAOMA,2007,-19.16846705733687,4
KAOMA,2008,-8.333939662359244,0
KAOMA,2009,9.09773412413901,0
KAOMA,2010,45.18172830197874,0
KAOMA,2011,17.14779026945177,2
KAOMA,2012,15.47581889089181,5
KAOMA,2013,-45.85109707401387,24
KAOMA,2014,33.32816841548625,0
KAOMA,2015,25.373955524574367,12
KAOMA,2016,10.833779338584593,12
KAOMA,2017,26.791928755361987,0
KAOMA,2018,57.30998622706042,0
KAOMA,2019,-55.33055879911829,20
KAOMA,2020,32.934904990178964,4
KAOMA,2021,-9.655651661708172,0
KAOMA,2022,65.24588047418919,4
KAOMA,2023,-2.5570853283431876,3
KAOMA,2024,-212.0115294237897,80
KAOMA,2025,-14.752277174491391,10
KAOMA,2026,19.62683037363911,3
KAPIRI MPOSHI,2000,16.993942493127218,8
KAPIRI MPOSHI,2001,80.58723418592722,0
KAPIRI MPOSHI,2002,-50.1888286319044,2
KAPIRI MPOSHI,2003,39.81909096557447,8
KAPIRI MPOSHI,2004,2.325983604621016,9
KAPIRI MPOSHI,2005,-198.62007113857533,85
KAPIRI MPOSHI,2006,41.46175210544989,0
KAPIRI MPOSHI,2007,-9.139080014008,0
KAPIRI MPOSHI,2008,-29.46434685272298,0
KAPIRI MPOSHI,2009,56.04260609992244,0
KAPIRI MPOSHI,2010,54.99619346241537,0
KAPIRI MPOSHI,2011,42.03635808199702,0
KAPIRI MPOSHI,2012,38.335991808759424,0
KAPIRI MPOSHI,2013,3.6550678840492568,0
KAPIRI MPOSHI,2014,33.725696391864275,0
KAPIRI MPOSHI,2015,58.470707284108975,0
KAPIRI MPOSHI,2016,-16.212467111211385,19
KAPIRI MPOSHI,2017,59.26490092811826,0
KAPIRI MPOSHI,2018,-15.364560432202184,22
KAPIRI MPOSHI,2019,-49.38255790069338,13
KAPIRI MPOSHI,2020,-57.95428760192661,13
KAPIRI MPOSHI,2021,37.44342669866732,0
KAPIRI MPOSHI,2022,53.50857014474641,1
KAPIRI MPOSHI,2023,43.75123665381694,0
KAPIRI MPOSHI,2024,-246.60251033392666,82
KAPIRI MPOSHI,2025,-23.615003525931048,1
KAPIRI MPOSHI,2026,31.913866389289474,0
KASAMA,2000,-71.43827512244374,24
KASAMA,2001,27.86355292511885,0
KASAMA,2002,36.79797718144461,0
KASAMA,2003,-3.2043730229194973,8
KASAMA,2004,-49.89183202183442,16
KASAMA,2005,-131.9661882314811,53
KASAMA,2006,-60.69718219884616,18
KASAMA,2007,-41.58773164934464,37
KASAMA,2008,-67.99939253631061,20
KASAMA,2009,-22.766242997266882,7
KASAMA,2010,7.094524769756041,0
KASAMA,2011,-26.45904752295457,20
KASAMA,2012,12.819318125978281,0
KASAMA,2013,6.215228451426474,2
KASAMA,2014,45.34580876010362,0
KASAMA,2015,-0.46927886078500436,19
KASAMA,2016,55.11572984234873,0
KASAMA,2017,48.46414138963085,0
KASAMA,2018,21.43596728778893,10
KASAMA,2019,31.550538292486596,0
KASAMA,2020,60.08394218746419,0
KASAMA,2021,42.275031042216725,1
KASAMA,2022,22.657308739950032,15
KASAMA,2023,60.518304289032265,2
KASAMA,2024,58.933433985253764,1
KASAMA,2025,-123.54952796753186,44
KASAMA,2026,60.50156028601767,0
KASEMPA,2000,18.418590183650267,3
KASEMPA,2001,48.02058088159484,0
KASEMPA,2002,-43.400603495293296,15
KASEMPA,2003,20.229289997007516,7
KASEMPA,2004,7.264697858525634,8
KASEMPA,2005,-119.58822504413965,38
KASEMPA,2006,17.02505723194406,0
KASEMPA,2007,-34.16116565597126,4
KASEMPA,2008,-17.88133024852884,0
KASEMPA,2009,23.16172366703627,0
KASEMPA,2010,40.34750001751661,0
KASEMPA,2011,27.139560838413328,1
KASEMPA,2012,24.865693994650854,2
KASEMPA,2013,-26.208576251813714,21
KASEMPA,2014,55.47730921140092,0
KASEMPA,2015,38.708610834735616,12
KASEMPA,2016,17.59838900517717,14
KASEMPA,2017,31.01062722411718,0
KASEMPA,2018,20.4983689147669,11
KASEMPA,2019,-14.892192227146396,14
KASEMPA,2020,18.67592923036964,4
KASEMPA,2021,16.099199971740706,0
KASEMPA,2022,49.03318273968647,8
KASEMPA,2023,26.562519609966316,0
KASEMPA,2024,-248.86651795300475,76
KASEMPA,2025,-20.10160148016261,5
KASEMPA,2026,23.021394464868767,1
KASENENGWA,2000,-11.399072517635574,18
KASENENGWA,2001,87.0334100699709,0
KASENENGWA,2002,40.557227568862594,0
KASENENGWA,2003,42.43796301469742,5
KASENENGWA,2004,5.170195250139069,9
KASENENGWA,2005,-182.61685697755092,80
KASENENGWA,2006,27.28783263266339,0
KASENENGWA,2007,1.2818835719874246,0
KASENENGWA,2008,-25.366994874122415,3
KASENENGWA,2009,52.84990461640045,0
KASENENGWA,2010,41.0357574476805,0
KASENENGWA,2011,27.881921883517336,4
KASENENGWA,2012,69.16059341363545,0
KASENENGWA,2013,4.066184762120036,0
KASENENGWA,2014,-6.229711554633777,0
KASENENGWA,2015,-32.38582120768247,19
KASENENGWA,2016,-83.22769237493615,20
KASENENGWA,2017,29.3236288001746,0
KASENENGWA,2018,-56.563585092476714,23
KASENENGWA,2019,17.12107485257406,7
KASENENGWA,2020,-2.3734704537912514,0
KASENENGWA,2021,53.58350050705132,0
KASENENGWA,2022,50.12056576574262,3
KASENENGWA,2023,99.89399555243824,0
KASENENGWA,2024,-172.24646603210127,68
KASENENGWA,2025,-94.40251048789239,33
KASENENGWA,2026,15.442707149388069,3
KATETE,2000,39.991154424834185,11
KATETE,2001,74.02313038795607,0
KATETE,2002,-14.445893832130093,0
KATETE,2003,59.699536626419366,2
KATETE,2004,-17.98911920497406,16
KATETE,2005,-175.4554487821292,72
KATETE,2006,52.379902713390166,0
KATETE,2007,2.586780707665259,0
KATETE,2008,-31.880810937818552,3
KATETE,2009,40.6944726380931,0
KATETE,2010,44.928265066894184,0
KATETE,2011,21.088917222318766,0
KATETE,2012,49.40389041078953,0
KATETE,2013,7.780538728068233,0
KATETE,2014,0.9806521625859824,0
KATETE,2015,16.177206298424036,9
KATETE,2016,-75.16956964871822,27
KATETE,2017,60.19173144825218,0
KATETE,2018,-55.50402860137668,25
KATETE,2019,13.796566862131968,7
KATETE,2020,-43.26595214840038,3
KATETE,2021,45.1728727545473,0
KATETE,2022,27.86936223020127,3
KATETE,2023,75.61826188268066,0
KATETE,2024,-203.50612152474426,83
KATETE,2025,-35.722637379722215,11
KATETE,2026,17.890717140781,8
KAZUNGULA,2000,46.974907675233325,2
KAZUNGULA,2001,21.81835226414177,7
KAZUNGULA,2002,-168.3867010804149,87
KAZUNGULA,2003,-45.12883763051799,18
KAZUNGULA,2004,45.05533783210147,0
KAZUNGULA,2005,-141.95096321103262,37
KAZUNGULA,2006,71.15611644456123,0
KAZUNGULA,2007,-2.916801046139789,0
KAZUNGULA,2008,-5.355994263869494,0
KAZUNGULA,2009,51.53560673699798,0
KAZUNGULA,2010,74.96071789931183,0
KAZUNGULA,2011,35.34985262004613,0
KAZUNGULA,2012,32.26268890910814,0
KAZUNGULA,2013,-19.427328023225613,1
KAZUNGULA,2014,67.64611855304851,0
KAZUNGULA,2015,17.487557373623666,0
KAZUNGULA,2016,-8.063945587386176,14
KAZUNGULA,2017,75.65509827630841,0
KAZUNGULA,2018,61.77846906989266,16
KAZUNGULA,2019,-88.52703345167946,44
KAZUNGULA,2020,-25.25572047405534,9
KAZUNGULA,2021,12.489382788132517,0
KAZUNGULA,2022,67.16700870133255,0
KAZUNGULA,2023,-40.08657503195319,8
KAZUNGULA,2024,-171.1517914730629,69
KAZUNGULA,2025,-9.915506852374072,0
KAZUNGULA,2026,42.05459548752987,0
KITWE,2000,19.45883793380591,3
KITWE,2001,48.151372578699316,0
KITWE,2002,-4.890756287341014,8
KITWE,2003,21.35036702517285,6
KITWE,2004,-11.52905821621696,11
KITWE,2005,-118.09183577382474,41
KITWE,2006,12.934930534834647,0
KITWE,2007,-77.4752492628187,43
KITWE,2008,-42.64354148763591,10
KITWE,2009,17.281053043430873,0
KITWE,2010,36.17675924467835,2
KITWE,2011,29.05039502512997,5
KITWE,2012,40.04782250516153,1
KITWE,2013,-42.81861050154093,10
KITWE,2014,50.94506448600314,0
KITWE,2015,18.837493914275026,19
KITWE,2016,-8.160325441418474,12
KITWE,2017,-11.44215301935894,6
KITWE,2018,30.75277615539378,5
KITWE,2019,31.772157529810976,6
KITWE,2020,10.871065871897452,7
KITWE,2021,1.8874832991040418,1
KITWE,2022,45.04214026302978,7
KITWE,2023,53.616586993866484,0
KITWE,2024,-162.79452891819673,52
KITWE,2025,-2.3443369094938533,12
KITWE,2026,11.52241221455719,1
LUANO,2000,27.53230393153044,13
LUANO,2001,89.22287733879132,0
LUANO,2002,-70.99644474575068,13
LUANO,2003,45.64984782952479,7
LUANO,2004,6.633577840725523,10
LUANO,2005,-200.33755273557838,84
LUANO,2006,54.57535379438897,0
LUANO,2007,-0.9676270733004111,0
LUANO,2008,-12.635751607635484,0
LUANO,2009,72.15630900565614,0
LUANO,2010,45.79524281101212,0
LUANO,2011,34.258655026942826,0
LUANO,2012,25.13333986556037,0
LUANO,2013,3.3821675009211782,0
LUANO,2014,13.065932441704012,0
LUANO,2015,51.32300638589194,1
LUANO,2016,-55.34841929239224,26
LUANO,2017,89.90104825390675,0
LUANO,2018,-10.680055413246047,24
LUANO,2019,-55.45282406703613,13
LUANO,2020,-61.75080624462607,7
LUANO,2021,56.600485868663014,0
LUANO,2022,23.71508604646732,2
LUANO,2023,46.951392138478575,0
LUANO,2024,-206.07598606367017,65
LUANO,2025,-23.118743710556448,5
LUANO,2026,9.792662133510273,1
LUANSHYA,2000,26.229690466458457,3
LUANSHYA,2001,52.67147368343494,0
LUANSHYA,2002,-24.33889047970846,8
LUANSHYA,2003,29.628185455803834,6
LUANSHYA,2004,-17.789874103817326,11
LUANSHYA,2005,-131.54680207272685,44
LUANSHYA,2006,21.42469870374335,0
LUANSHYA,2007,-60.059378660661075,42
LUANSHYA,2008,-55.137178928298695,12
LUANSHYA,2009,13.33740917668018,0
LUANSHYA,2010,36.25534805060641,0
LUANSHYA,2011,40.45426760725745,1
LUANSHYA,2012,43.4474269606183,0
LUANSHYA,2013,-31.43268130311896,4
LUANSHYA,2014,34.68751255229666,4
LUANSHYA,2015,41.251545275780835,15
LUANSHYA,2016,-3.6670177618218345,14
LUANSHYA,2017,1.6884196025664533,1
LUANSHYA,2018,22.617486619547602,9
LUANSHYA,2019,6.920988486197729,12
LUANSHYA,2020,17.176995979923156,4
LUANSHYA,2021,10.345183097117884,0
LUANSHYA,2022,52.0661978079481,5
LUANSHYA,2023,57.01012460218909,0
LUANSHYA,2024,-178.77706582206216,57
LUANSHYA,2025,-20.019937959292072,7
LUANSHYA,2026,13.623879605010696,2
LUFWANYAMA,2000,3.3771794103529427,5
LUFWANYAMA,2001,47.75252633712188,0
LUFWANYAMA,2002,-20.18242775010712,11
LUFWANYAMA,2003,17.054746689643448,8
LUFWANYAMA,2004,-3.72831264889389,10
LUFWANYAMA,2005,-120.9599860706679,42
LUFWANYAMA,2006,6.288479485939541,0
LUFWANYAMA,2007,-56.598318393750084,41
LUFWANYAMA,2008,-40.92955979005555,7
LUFWANYAMA,2009,20.442866649291048,0
LUFWANYAMA,2010,46.17977054330289,0
LUFWANYAMA,2011,23.14269464597418,1
LUFWANYAMA,2012,21.840561338436903,5
LUFWANYAMA,2013,-29.06934105086733,14
LUFWANYAMA,2014,43.8289928751768,0
LUFWANYAMA,2015,31.356273790694306,15
LUFWANYAMA,2016,6.235245810857308,12
LUFWANYAMA,2017,16.409703021031547,4
LUFWANYAMA,2018,16.11406567918978,12
LUFWANYAMA,2019,0.1472954288640711,16
LUFWANYAMA,2020,19.402925238625276,0
LUFWANYAMA,2021,9.53978982351646,0
LUFWANYAMA,2022,59.13286279621716,7
LUFWANYAMA,2023,48.24978245802596,0
LUFWANYAMA,2024,-170.08276562371094,56
LUFWANYAMA,2025,-12.19382363119757,9
LUFWANYAMA,2026,15.165503600521042,1
LUMEZI,2000,-136.3185175014106,43
LUMEZI,2001,73.41295363467658,0
LUMEZI,2002,47.71750438265283,2
LUMEZI,2003,25.002126411277295,5
LUMEZI,2004,-23.831425463352303,10
LUMEZI,2005,-168.60490139531677,71
LUMEZI,2006,-14.009335629914311,6
LUMEZI,2007,2.092637464285046,0
LUMEZI,2008,-33.7499801338995,22
LUMEZI,2009,44.1112518673983,0
LUMEZI,2010,38.122998290637376,0
LUMEZI,2011,-1.5154575142160076,2
LUMEZI,2012,47.31134651585051,0
LUMEZI,2013,19.65542037144121,0
LUMEZI,2014,15.408392072071356,0
LUMEZI,2015,-28.625547499528587,20
LUMEZI,2016,-27.28622154653789,8
LUMEZI,2017,-22.71429419342665,11
LUMEZI,2018,10.147754026842525,9
LUMEZI,2019,49.82974721712411,0
LUMEZI,2020,33.21580834887865,0
LUMEZI,2021,77.80847535025492,0
LUMEZI,2022,51.003792384135785,4
LUMEZI,2023,115.58957873154172,0
LUMEZI,2024,-66.08034959671899,13
LUMEZI,2025,-174.89739860773784,43
LUMEZI,2026,43.40419324027619,0
LUNDAZI,2000,-177.9722245091016,52
LUNDAZI,2001,45.946879632903794,0
LUNDAZI,2002,-2.143315008823896,9
LUNDAZI,2003,37.40333050974444,5
LUNDAZI,2004,-81.29785010333809,22
LUNDAZI,2005,-164.0610495832394,67
LUNDAZI,2006,-47.573802264678704,7
LUNDAZI,2007,15.969739368838304,0
LUNDAZI,2008,-26.686294613865996,0
LUNDAZI,2009,37.058313459440036,0
LUNDAZI,2010,-17.270189369369742,3
LUNDAZI,2011,-57.288603568528345,12
LUNDAZI,2012,59.26884418299836,0
LUNDAZI,2013,25.847680998625332,0
LUNDAZI,2014,32.78974019991961,0
LUNDAZI,2015,-30.614423697258793,15
LUNDAZI,2016,-10.44681544934136,3
LUNDAZI,2017,-27.381000339093085,15
LUNDAZI,2018,33.21928204073058,8
LUNDAZI,2019,56.24508675781752,0
LUNDAZI,2020,53.6454459769576,0
LUNDAZI,2021,120.54202244435223,0
LUNDAZI,2022,69.6787371840694,4
LUNDAZI,2023,135.2436220527243,0
LUNDAZI,2024,-13.547346520618486,5
LUNDAZI,2025,-133.43377038764527,31
LUNDAZI,2026,63.78822710696731,0
MAFINGA,2000,-191.4211490053008,67
MAFINGA,2001,54.53872518308125,0
MAFINGA,2002,8.734249809068872,0
MAFINGA,2003,-33.31146585041524,16
MAFINGA,2004,-28.764875423276127,11
MAFINGA,2005,-61.82159171481011,35
MAFINGA,2006,-54.86407345315196,16
MAFINGA,2007,0.9260897281355293,15
MAFINGA,2008,6.242800671413395,0
MAFINGA,2009,-8.270978457393378,6
MAFINGA,2010,-6.527098982489502,15
MAFINGA,2011,26.166657260746202,0
MAFINGA,2012,9.952940082468972,1
MAFINGA,2013,29.612695028724538,2
MAFINGA,2014,47.02508164897968,0
MAFINGA,2015,-71.10006383715726,36
MAFINGA,2016,25.04111983126925,1
MAFINGA,2017,-3.834221624389629,1
MAFINGA,2018,22.091202384691652,8
MAFINGA,2019,12.385279902550632,3
MAFINGA,2020,48.36254863870087,3
MAFINGA,2021,63.25571884848533,0
MAFINGA,2022,14.079895260962711,6
MAFINGA,2023,51.74419737479478,0
MAFINGA,2024,70.66971056851442,9
MAFINGA,2025,-85.49492484004784,31
MAFINGA,2026,50.68648454703754,0
MAMBWE,2000,-29.06979000384817,19
MAMBWE,2001,105.90377353639683,0
MAMBWE,2002,11.079993630814466,0
MAMBWE,2003,51.37865085782025,6
MAMBWE,2004,-16.969933523760943,9
MAMBWE,2005,-173.08349366130895,80
MAMBWE,2006,-18.30844666146182,6
MAMBWE,2007,14.307191592352677,0
MAMBWE,2008,-31.402674126034,3
MAMBWE,2009,62.190868272032446,0
MAMBWE,2010,42.72552585570297,0
MAMBWE,2011,15.445936840091404,2
MAMBWE,2012,82.7670285328126,0
MAMBWE,2013,14.455950111710706,0
MAMBWE,2014,5.6079596578031,0
MAMBWE,2015,-59.71869319946894,24
MAMBWE,2016,-61.2134480866064,14
MAMBWE,2017,30.271219128530824,0
MAMBWE,2018,-56.04383784561218,22
MAMBWE,2019,37.21843765551883,5
MAMBWE,2020,17.94583566340016,0
MAMBWE,2021,79.96415093266728,0
MAMBWE,2022,34.509728897755394,4
MAMBWE,2023,122.71102411209436,0
MAMBWE,2024,-145.03807719852924,60
MAMBWE,2025,-146.6005672282202,34
MAMBWE,2026,6.4449616446115074,6
MANSA,2000,-40.30155043602432,14
MANSA,2001,37.11909846261815,0
MANSA,2002,8.388027581371432,5
MANSA,2003,9.950043929802014,3
MANSA,2004,-37.192059828729796,12
MANSA,2005,-101.48388808521901,34
MANSA,2006,-37.0514188150495,7
MANSA,2007,-44.852484091724435,33
MANSA,2008,-73.78194547042546,43
MANSA,2009,19.808321106311382,2
MANSA,2010,8.174234519408555,5
MANSA,2011,37.03753863963783,1
MANSA,2012,10.559621685752786,1
MANSA,2013,-40.263974236907174,17
MANSA,2014,39.26718217824694,6
MANSA,2015,-14.882011464994028,21
MANSA,2016,38.27151717239476,0
MANSA,2017,-7.318432730702298,4
MANSA,2018,67.17329553269334,6
MANSA,2019,26.213893408562008,2
MANSA,2020,54.252420176315205,0
MANSA,2021,22.96435936116748,0
MANSA,2022,43.78291223266464,6
MANSA,2023,55.96890436880342,10
MANSA,2024,-28.412270904526423,20
MANSA,2025,-90.98655551371914,37
MANSA,2026,35.09423975021413,5
MANYINGA,2000,11.374152057177016,6
MANYINGA,2001,44.99998233699079,0
MANYINGA,2002,-8.670781733376414,6
MANYINGA,2003,6.795357288484623,8
MANYINGA,2004,14.568867134307581,5
MANYINGA,2005,-42.95890612888472,15
MANYINGA,2006,-4.559245491803521,2
MANYINGA,2007,5.111895128151366,0
MANYINGA,2008,-34.977708808763424,11
MANYINGA,2009,0.49627053724739567,2
MANYINGA,2010,32.582781823057836,0
MANYINGA,2011,7.249009997602515,3
MANYINGA,2012,-5.509484066286101,6
MANYINGA,2013,-59.47349918076647,35
MANYINGA,2014,50.47099490137367,1
MANYINGA,2015,20.584229239061713,15
MANYINGA,2016,-6.517775289701476,8
MANYINGA,2017,-0.8807229936831455,7
MANYINGA,2018,61.286994287715274,1
MANYINGA,2019,-6.062925006066088,10
MANYINGA,2020,38.287892557209204,0
MANYINGA,2021,-8.202566123542525,6
MANYINGA,2022,39.13746099261232,10
MANYINGA,2023,24.487055401394695,4
MANYINGA,2024,-184.33451092077252,61
MANYINGA,2025,-10.567722331857176,13
MANYINGA,2026,12.216031922997955,1
MASAITI,2000,16.692617608031803,5
MASAITI,2001,61.519868189133646,0
MASAITI,2002,-26.39017531481025,8
MASAITI,2003,28.62201113216816,7
MASAITI,2004,-12.13509704047393,8
MASAITI,2005,-122.06752182173567,44
MASAITI,2006,33.30779019660168,0
MASAITI,2007,-52.10358749454113,23
MASAITI,2008,-46.610531618292626,8
MASAITI,2009,17.945888106428235,0
MASAITI,2010,46.09762404166855,0
MASAITI,2011,38.17862601795311,1
MASAITI,2012,39.815256617363076,0
MASAITI,2013,-25.59626042211537,0
MASAITI,2014,25.764620239743987,3
MASAITI,2015,54.80052921047643,6
MASAITI,2016,-4.003832894123525,15
MASAITI,2017,12.900246630890198,2
MASAITI,2018,6.762784846556726,13
MASAITI,2019,-1.6674372478669464,8
MASAITI,2020,-4.375198874210577,5
MASAITI,2021,22.03268008813538,0
MASAITI,2022,54.50430664820294,4
MASAITI,2023,60.48310733415168,0
MASAITI,2024,-203.86002182232747,64
MASAITI,2025,-40.07544178951366,7
MASAITI,2026,17.446312042281836,1
MAZABUKA,2000,49.783683271061626,8
MAZABUKA,2001,68.99050809108614,0
MAZABUKA,2002,-128.38950557328192,48
MAZABUKA,2003,20.619510939370755,9
MAZABUKA,2004,-2.3995344791706037,8
MAZABUKA,2005,-132.56324500747715,53
MAZABUKA,2006,68.52633516738386,0
MAZABUKA,2007,5.317132120617636,1
MAZABUKA,2008,-32.396759039056974,0
MAZABUKA,2009,51.54165259400926,0
MAZABUKA,2010,44.54180111660221,0
MAZABUKA,2011,44.37539450309195,0
MAZABUKA,2012,49.227684758053165,0
MAZABUKA,2013,-26.29124977003725,0
MAZABUKA,2014,54.93323948211216,0
MAZABUKA,2015,48.868298113324116,0
MAZABUKA,2016,5.102910314958791,22
MAZABUKA,2017,70.37639359792075,0
MAZABUKA,2018,-1.7197446646053827,20
MAZABUKA,2019,-80.9516337270803,49
MAZABUKA,2020,-99.45957678230751,23
MAZABUKA,2021,10.399322254580092,0
MAZABUKA,2022,56.1159131868778,0
MAZABUKA,2023,-22.091384785231245,0
MAZABUKA,2024,-147.3742445049522,70
MAZABUKA,2025,-14.292662685684489,0
MAZABUKA,2026,37.76719311520082,0
MBALA,2000,-103.50841799559433,31
MBALA,2001,-13.22349425626805,16
MBALA,2002,22.561969802678046,3
MBALA,2003,-27.864784672256636,18
MBALA,2004,-20.267391280417765,12
MBALA,2005,-83.78549685196059,33
MBALA,2006,-7.735067616650175,10
MBALA,2007,-60.40148578863492,28
MBALA,2008,47.83231963795323,1
MBALA,2009,-61.56639241042882,37
MBALA,2010,2.954932483311954,15
MBALA,2011,14.320114841367108,7
MBALA,2012,-15.72717924354332,9
MBALA,2013,20.728709256491552,4
MBALA,2014,32.353437154215676,1
MBALA,2015,-42.667262423073,22
MBALA,2016,23.613608440658922,1
MBALA,2017,32.4464096971674,1
MBALA,2018,30.116779007958424,12
MBALA,2019,30.018866262124835,1
MBALA,2020,50.621653892758765,4
MBALA,2021,11.63729864479889,11
MBALA,2022,17.194715336921252,3
MBALA,2023,6.459805799121536,13
MBALA,2024,55.56120399274212,3
MBALA,2025,-4.5927012435250765,7
MBALA,2026,42.001977167052736,0
MKUSHI,2000,9.43229203999248,7
MKUSHI,2001,78.4857546753337,0
MKUSHI,2002,-38.574321136365285,4
MKUSHI,2003,42.99574366908504,6
MKUSHI,2004,-5.908191637704967,10
MKUSHI,2005,-204.10751768735017,81
MKUSHI,2006,41.88337718696095,0
MKUSHI,2007,-16.50047856692418,1
MKUSHI,2008,-25.699072764855952,5
MKUSHI,2009,46.955886365514,0
MKUSHI,2010,63.200211728050576,0
MKUSHI,2011,27.735115989682722,0
MKUSHI,2012,32.80682857382791,0
MKUSHI,2013,-2.008442197061556,1
MKUSHI,2014,22.891640726090216,0
MKUSHI,2015,50.31918761907485,0
MKUSHI,2016,-29.699328036242907,18
MKUSHI,2017,41.48820165535533,0
MKUSHI,2018,-0.43478433326496424,18
MKUSHI,2019,-26.525432536472167,8
MKUSHI,2020,-38.00663032269534,4
MKUSHI,2021,51.80646960792048,0
MKUSHI,2022,58.778393742643715,2
MKUSHI,2023,75.45871135813144,0
MKUSHI,2024,-213.56531194493115,64
MKUSHI,2025,-63.18450403713163,11
MKUSHI,2026,17.930373940060484,0
MONZE,2000,61.51909346508207,3
MONZE,2001,60.460624436944585,1
MONZE,2002,-110.90336123469294,30
MONZE,2003,-9.263572573392949,12
MONZE,2004,16.105498123607514,7
MONZE,2005,-106.03286130357118,21
MONZE,2006,71.8905904897621,0
MONZE,2007,19.599975073051027,1
MONZE,2008,-27.54197628382522,0
MONZE,2009,45.33801664850614,0
MONZE,2010,57.16141814641738,0
MONZE,2011,47.96385861855501,0
MONZE,2012,41.13429242675513,0
MONZE,2013,-30.232806630619837,2
MONZE,2014,56.42056922340538,0
MONZE,2015,41.70632161327748,0
MONZE,2016,3.43619704415032,18
MONZE,2017,62.167624001856254,0
MONZE,2018,24.046240929056967,17
MONZE,2019,-106.75864635157252,56
MONZE,2020,-81.86755554226603,19
MONZE,2021,-3.339041434628318,0
MONZE,2022,56.72699908574978,0
MONZE,2023,-31.003505201558415,0
MONZE,2024,-185.56552858977352,71
MONZE,2025,-16.20247624771151,0
MONZE,2026,41.57498383160156,0
MPIKA,2000,-82.77457276737101,33
MPIKA,2001,64.23603351487367,0
MPIKA,2002,55.32871185815446,3
MPIKA,2003,18.018089746436484,6
MPIKA,2004,-10.95841230419473,14
MPIKA,2005,-177.79828223726392,76
MPIKA,2006,-17.789330454695016,8
MPIKA,2007,0.967730597678379,0
MPIKA,2008,-53.35546157146168,38
MPIKA,2009,34.97837934471723,0
MPIKA,2010,27.72420459713969,0
MPIKA,2011,6.3036926809493865,0
MPIKA,2012,43.46484584502042,0
MPIKA,2013,-15.153024638670104,21
MPIKA,2014,21.873760510449483,0
MPIKA,2015,-1.756216589744215,16
MPIKA,2016,-19.06119492184024,11
MPIKA,2017,3.917168946400503,4
MPIKA,2018,-4.290296242779833,14
MPIKA,2019,51.35635973773965,3
MPIKA,2020,31.044056771000967,0
MPIKA,2021,59.37009691412492,2
MPIKA,2022,48.05598567080675,3
MPIKA,2023,88.98392599058367,0
MPIKA,2024,-62.963012274391055,19
MPIKA,2025,-144.1852510990767,38
MPIKA,2026,32.12066875310521,0
MPONGWE,2000,12.277364818421876,3
MPONGWE,2001,61.53142873698633,0
MPONGWE,2002,-43.047783963702095,10
MPONGWE,2003,36.63651016207357,7
MPONGWE,2004,-4.20697726527356,7
MPONGWE,2005,-150.87900696147597,66
MPONGWE,2006,19.629242673682235,0
MPONGWE,2007,-36.669614211118876,0
MPONGWE,2008,-41.38236189523192,4
MPONGWE,2009,32.560014350138694,0
MPONGWE,2010,37.50143378324527,0
MPONGWE,2011,35.3574340555237,0
MPONGWE,2012,32.453562742157835,2
MPONGWE,2013,-12.035421891358853,0
MPONGWE,2014,39.94069859910342,0
MPONGWE,2015,48.16470837292567,7
MPONGWE,2016,16.60355571591051,15
MPONGWE,2017,29.257421645281312,0
MPONGWE,2018,-6.749762931716228,20
MPONGWE,2019,-2.178933178273847,5
MPONGWE,2020,3.451280125000976,4
MPONGWE,2021,27.14764534873818,0
MPONGWE,2022,59.69368639628549,6
MPONGWE,2023,47.45096038724389,0
MPONGWE,2024,-224.88274160252743,65
MPONGWE,2025,-34.41985162597305,8
MPONGWE,2026,14.928220481802729,0
MUFUMBWE,2000,29.572589385477325,0
MUFUMBWE,2001,38.296590303495684,1
MUFUMBWE,2002,-48.0109409803344,17
MUFUMBWE,2003,15.845675309364657,7
MUFUMBWE,2004,28.108277192690768,4
MUFUMBWE,2005,-91.959916496704,26
MUFUMBWE,2006,14.361610910642996,0
MUFUMBWE,2007,-35.406800269343385,4
MUFUMBWE,2008,-16.064304295190812,0
MUFUMBWE,2009,6.661643002486425,0
MUFUMBWE,2010,33.704875972780314,0
MUFUMBWE,2011,9.53664261103651,2
MUFUMBWE,2012,17.27278849933156,5
MUFUMBWE,2013,-46.2399336798692,26
MUFUMBWE,2014,51.24579312934024,0
MUFUMBWE,2015,34.71030065560151,12
MUFUMBWE,2016,3.843911994905258,13
MUFUMBWE,2017,24.66373376912527,3
MUFUMBWE,2018,43.43226063682867,7
MUFUMBWE,2019,-17.68059829848817,15
MUFUMBWE,2020,37.95397429334309,0
MUFUMBWE,2021,-5.714884196231948,0
MUFUMBWE,2022,40.318838816846664,11
MUFUMBWE,2023,14.786750090212715,0
MUFUMBWE,2024,-221.4829729186669,76
MUFUMBWE,2025,10.244402660045537,4
MUFUMBWE,2026,25.929745417420822,3
MUMBWA,2000,35.51243939242558,2
MUMBWA,2001,60.68489144883452,0
MUMBWA,2002,-93.8985387174593,43
MUMBWA,2003,11.55976815213733,12
MUMBWA,2004,12.99922176602704,5
MUMBWA,2005,-153.449854604252,63
MUMBWA,2006,46.74040726123923,0
MUMBWA,2007,-4.610822903485776,3
MUMBWA,2008,-17.93123668354598,0
MUMBWA,2009,41.149237562785196,0
MUMBWA,2010,35.334972959067976,2
MUMBWA,2011,33.83534586633063,0
MUMBWA,2012,40.88520739605867,0
MUMBWA,2013,-9.519734623188958,1
MUMBWA,2014,43.31570002985528,0
MUMBWA,2015,47.680884855888934,0
MUMBWA,2016,32.59378478742659,14
MUMBWA,2017,62.04701424032402,0
MUMBWA,2018,16.547804553199903,17
MUMBWA,2019,-46.688507148831015,20
MUMBWA,2020,-41.6507590894122,16
MUMBWA,2021,14.454869001461766,0
MUMBWA,2022,64.31411509015828,2
MUMBWA,2023,-20.939021086703733,0
MUMBWA,2024,-235.2965190226725,76
MUMBWA,2025,-15.955731569794255,0
MUMBWA,2026,38.50175328762219,0
MUNGWI,2000,-182.16397572118967,55
MUNGWI,2001,32.23913895403561,0
MUNGWI,2002,58.302943368581424,0
MUNGWI,2003,5.5330064465489315,10
MUNGWI,2004,-70.65130696589914,18
MUNGWI,2005,-84.58137326274054,44
MUNGWI,2006,-72.07021289164784,14
MUNGWI,2007,-42.82697540475825,36
MUNGWI,2008,3.9094545700215364,0
MUNGWI,2009,-43.72250636507814,7
MUNGWI,2010,-5.69519492963626,0
MUNGWI,2011,-16.780429183214135,3
MUNGWI,2012,18.573866159223446,0
MUNGWI,2013,18.23056964969726,0
MUNGWI,2014,36.60806247390567,0
MUNGWI,2015,-16.354016627793264,13
MUNGWI,2016,35.79965646961237,0
MUNGWI,2017,22.04801757250388,2
MUNGWI,2018,28.96457246768216,9
MUNGWI,2019,21.990634116457542,0
MUNGWI,2020,83.80664842427646,0
MUNGWI,2021,52.63942217589298,5
MUNGWI,2022,25.464599105142206,11
MUNGWI,2023,66.76150413935038,1
MUNGWI,2024,95.84008168261401,0
MUNGWI,2025,-143.07884421216818,46
MUNGWI,2026,69.09505012897802,0
NAKONDE,2000,-221.87702152814822,71
NAKONDE,2001,28.498243181791185,0
NAKONDE,2002,52.97154418289217,0
NAKONDE,2003,-30.01980792582598,16
NAKONDE,2004,-27.166479114983595,11
NAKONDE,2005,-72.41150349650668,34
NAKONDE,2006,-124.64784505720127,33
NAKONDE,2007,-13.269837732673086,15
NAKONDE,2008,37.91310523842036,0
NAKONDE,2009,-32.92000052619376,7
NAKONDE,2010,-7.877999060112115,0
NAKONDE,2011,-12.968196593929681,5
NAKONDE,2012,-3.8381451248306337,2
NAKONDE,2013,22.485847780001592,0
NAKONDE,2014,37.51704934902161,0
NAKONDE,2015,-33.014446500720425,11
NAKONDE,2016,36.7235316846923,0
NAKONDE,2017,2.6677717996620602,1
NAKONDE,2018,52.262620498970904,7
NAKONDE,2019,25.234589631068655,3
NAKONDE,2020,80.82420913074765,0
NAKONDE,2021,64.6376233441572,2
NAKONDE,2022,1.4713900005156715,17
NAKONDE,2023,63.47566569808328,0
NAKONDE,2024,96.47803196785644,0
NAKONDE,2025,-86.7200791326015,31
NAKONDE,2026,61.834666259515956,0
NAMWALA,2000,40.84593439817953,3
NAMWALA,2001,49.27717871082778,0
NAMWALA,2002,-164.20227552941415,72
NAMWALA,2003,1.6842764420090663,11
NAMWALA,2004,-5.326683092913126,5
NAMWALA,2005,-140.1600971317723,55
NAMWALA,2006,70.82370009531652,0
NAMWALA,2007,18.691465699034502,0
NAMWALA,2008,-38.84945481384313,0
NAMWALA,2009,63.01557203820572,0
NAMWALA,2010,35.187392728312176,0
NAMWALA,2011,39.27116108715281,0
NAMWALA,2012,47.64469781751165,0
NAMWALA,2013,-16.76483301140079,0
NAMWALA,2014,53.84732207613716,0
NAMWALA,2015,57.78476688401898,0
NAMWALA,2016,15.134897942876394,16
NAMWALA,2017,71.02414723818585,0
NAMWALA,2018,24.613772015277114,16
NAMWALA,2019,-84.05632324723595,34
NAMWALA,2020,-80.97492602586391,20
NAMWALA,2021,11.598211321246122,0
NAMWALA,2022,65.83331577363873,0
NAMWALA,2023,-23.640280476426227,0
NAMWALA,2024,-156.81100331207927,67
NAMWALA,2025,-0.6400352577854704,0
NAMWALA,2026,43.04827829117776,0
NCHELENGE,2000,-16.59193211873722,10
NCHELENGE,2001,8.613694179894935,5
NCHELENGE,2002,69.37879958488153,0
NCHELENGE,2003,-45.87694921496115,10
NCHELENGE,2004,21.727507952317733,4
NCHELENGE,2005,-68.61987263179508,30
NCHELENGE,2006,18.416922826755314,3
NCHELENGE,2007,-37.79259173178298,16
NCHELENGE,2008,2.9061979796431943,11
NCHELENGE,2009,-44.63003985604083,31
NCHELENGE,2010,14.314181201089507,4
NCHELENGE,2011,16.05954130307246,1
NCHELENGE,2012,-34.532292068525415,5
NCHELENGE,2013,19.619361786070538,6
NCHELENGE,2014,-3.579605580804499,9
NCHELENGE,2015,-48.381752659281744,32
NCHELENGE,2016,31.442620651925075,0
NCHELENGE,2017,-16.983114076404462,14
NCHELENGE,2018,18.638511563991397,9
NCHELENGE,2019,-12.640301232699585,9
NCHELENGE,2020,30.755336166148695,4
NCHELENGE,2021,-6.651053855956919,15
NCHELENGE,2022,27.275060583303443,7
NCHELENGE,2023,19.427548664489688,16
NCHELENGE,2024,38.94643781367591,3
NCHELENGE,2025,-30.319034877709726,17
NCHELENGE,2026,25.089382964188932,9
NDOLA,2000,22.2874408523642,2
NDOLA,2001,49.63161026918243,1
NDOLA,2002,-20.063071177550462,8
NDOLA,2003,31.062933030966494,5
NDOLA,2004,-24.978707607505562,10
NDOLA,2005,-103.01014997609441,39
NDOLA,2006,20.814049279494927,0
NDOLA,2007,-77.11308481087147,47
NDOLA,2008,-42.44908214978586,8
NDOLA,2009,15.336973286868343,0
NDOLA,2010,33.57720785785725,1
NDOLA,2011,34.47415776175685,0
NDOLA,2012,45.03294614495549,0
NDOLA,2013,-40.998560977138965,6
NDOLA,2014,34.5681173488419,2
NDOLA,2015,32.977458659396,16
NDOLA,2016,-4.338279139139178,13
NDOLA,2017,-3.3174790782986188,5
NDOLA,2018,22.336767246690794,8
NDOLA,2019,21.22858259313267,8
NDOLA,2020,9.55817220719356,7
NDOLA,2021,9.078194676553151,1
NDOLA,2022,51.64086455645563,5
NDOLA,2023,56.1413949778235,0
NDOLA,2024,-160.7319228221146,54
NDOLA,2025,-18.474057409486782,8
NDOLA,2026,4.018294279081272,3
NKEYEMA,2000,33.095977753132296,0
NKEYEMA,2001,40.86869254778568,2
NKEYEMA,2002,-67.97437534848012,29
NKEYEMA,2003,15.426683340961297,9
NKEYEMA,2004,48.39136621120077,0
NKEYEMA,2005,-101.33716732190308,27
NKEYEMA,2006,28.978907378863237,0
NKEYEMA,2007,-17.35601620554165,2
NKEYEMA,2008,-14.21493361848696,0
NKEYEMA,2009,19.784315414229283,0
NKEYEMA,2010,41.550664857737694,0
NKEYEMA,2011,17.325128061652485,11
NKEYEMA,2012,29.90347427966119,2
NKEYEMA,2013,-31.561771892219923,20
NKEYEMA,2014,28.048634866633357,0
NKEYEMA,2015,34.55715954616519,3
NKEYEMA,2016,30.40876493505221,13
NKEYEMA,2017,38.429401340874776,0
NKEYEMA,2018,40.08795327380995,11
NKEYEMA,2019,-57.08069689499833,39
NKEYEMA,2020,5.300940926644387,8
NKEYEMA,2021,-22.413869285073968,0
NKEYEMA,2022,73.49681528127319,2
NKEYEMA,2023,-12.777211239090956,1
NKEYEMA,2024,-227.82903260747648,89
NKEYEMA,2025,-2.1165111192595747,2
NKEYEMA,2026,27.76514462190058,4
NYIMBA,2000,36.12240429348916,12
NYIMBA,2001,91.73123595683295,0
NYIMBA,2002,-38.92008347628212,3
NYIMBA,2003,58.81249755936639,5
NYIMBA,2004,29.46979145005948,3
NYIMBA,2005,-187.2936822838349,81
NYIMBA,2006,57.12727062632063,0
NYIMBA,2007,17.211086985570393,0
NYIMBA,2008,2.1676355620799748,2
NYIMBA,2009,61.652535950682854,0
NYIMBA,2010,48.82003618775022,2
NYIMBA,2011,25.312365987681442,0
NYIMBA,2012,35.15794240416796,0
NYIMBA,2013,-10.227059790365727,0
NYIMBA,2014,-21.948780850317675,0
NYIMBA,2015,11.112891838634601,9
NYIMBA,2016,-69.08609201060732,23
NYIMBA,2017,89.93305865616729,0
NYIMBA,2018,-39.99013582672367,25
NYIMBA,2019,-31.441973867613612,6
NYIMBA,2020,-45.66484872840811,5
NYIMBA,2021,58.08233895669673,0
NYIMBA,2022,7.539260584695597,3
NYIMBA,2023,72.76548808473747,0
NYIMBA,2024,-198.90384248274,92
NYIMBA,2025,-57.41612502098353,13
NYIMBA,2026,-3.9162013604161756,9
PEMBA,2000,64.46904518516531,1
PEMBA,2001,34.15078806807641,3
PEMBA,2002,-73.6949821909417,13
PEMBA,2003,-36.0020871518095,12
PEMBA,2004,38.626700608188564,8
PEMBA,2005,-60.617353072016726,6
PEMBA,2006,59.14271915350707,0
PEMBA,2007,23.725192464131716,2
PEMBA,2008,-17.155078766722095,0
PEMBA,2009,27.641498539091515,0
PEMBA,2010,64.06736601735176,0
PEMBA,2011,43.95997859006968,0
PEMBA,2012,49.10828793605008,0
PEMBA,2013,-29.89752016721363,11
PEMBA,2014,57.012630272230126,0
PEMBA,2015,28.534782561092104,0
PEMBA,2016,10.572374748627894,15
PEMBA,2017,51.42106273500325,0
PEMBA,2018,34.913271689004084,14
PEMBA,2019,-113.01309691979164,56
PEMBA,2020,-29.871810239791596,12
PEMBA,2021,-19.255697270277846,15
PEMBA,2022,43.21864113690385,0
PEMBA,2023,-51.7927534982585,22
PEMBA,2024,-226.01161602746882,74
PEMBA,2025,-7.039988333690412,1
PEMBA,2026,32.62349577214681,0
PETAUKE,2000,22.58302909950207,12
PETAUKE,2001,87.11370292374193,0
PETAUKE,2002,-20.079931483149124,3
PETAUKE,2003,64.78159845746697,5
PETAUKE,2004,5.127206276177416,6
PETAUKE,2005,-172.90358970260576,82
PETAUKE,2006,38.15999617163602,0
PETAUKE,2007,7.161643406093764,0
PETAUKE,2008,-20.12958452945616,1
PETAUKE,2009,54.46618838759088,0
PETAUKE,2010,49.87743141990536,0
PETAUKE,2011,-1.7939137871875774,5
PETAUKE,2012,75.10893034386716,0
PETAUKE,2013,13.910880851792152,0
PETAUKE,2014,-7.3032911956746585,0
PETAUKE,2015,-8.16046855983434,13
PETAUKE,2016,-74.01679520173282,25
PETAUKE,2017,64.97189532107767,0
PETAUKE,2018,-53.57140353558843,26
PETAUKE,2019,6.16358546331801,6
PETAUKE,2020,-24.01630775178937,0
PETAUKE,2021,52.37390726564906,0
PETAUKE,2022,26.84432772832223,3
PETAUKE,2023,100.63183602647604,0
PETAUKE,2024,-200.05641687725378,89
PETAUKE,2025,-93.79453172900695,16
PETAUKE,2026,4.396829472623934,9
RUFUNSA,2000,33.84060521787031,12
RUFUNSA,2001,77.1335506582126,0
RUFUNSA,2002,-68.93789411797444,21
RUFUNSA,2003,41.394644182705434,6
RUFUNSA,2004,23.97490670386214,9
RUFUNSA,2005,-166.14106917338864,79
RUFUNSA,2006,59.37782541511985,0
RUFUNSA,2007,32.20170433613159,0
RUFUNSA,2008,-3.579291262609262,0
RUFUNSA,2009,51.42589365846938,0
RUFUNSA,2010,37.912914541421316,2
RUFUNSA,2011,31.648937091396498,0
RUFUNSA,2012,27.40402550649227,1
RUFUNSA,2013,-8.567237084784377,0
RUFUNSA,2014,11.288934537104238,0
RUFUNSA,2015,49.93909371031718,0
RUFUNSA,2016,-27.769415336507656,20
RUFUNSA,2017,88.27487760340796,0
RUFUNSA,2018,-18.804647670488112,27
RUFUNSA,2019,-59.25301121712563,19
RUFUNSA,2020,-81.98136454683552,21
RUFUNSA,2021,36.687589360119304,0
RUFUNSA,2022,23.602238981779735,5
RUFUNSA,2023,11.048440816849535,0
RUFUNSA,2024,-206.75924046875704,72
RUFUNSA,2025,2.2225459213820717,1
RUFUNSA,2026,0.7963876913533916,5
SENGA HILL,2000,-165.75319349137126,47
SENGA HILL,2001,12.387677479143644,1
SENGA HILL,2002,43.0418703428507,1
SENGA HILL,2003,-19.671321191642523,11
SENGA HILL,2004,-48.52901313276464,17
SENGA HILL,2005,-80.18444960147951,32
SENGA HILL,2006,-38.05142523404943,13
SENGA HILL,2007,-57.066048861508115,34
SENGA HILL,2008,29.6449071690325,0
SENGA HILL,2009,-49.05998994589032,28
SENGA HILL,2010,-4.486133636001989,13
SENGA HILL,2011,13.934424390227047,2
SENGA HILL,2012,7.239969635441441,0
SENGA HILL,2013,33.20229972168339,0
SENGA HILL,2014,38.21365553839562,0
SENGA HILL,2015,-26.63918690455023,15
SENGA HILL,2016,25.28094866580539,2
SENGA HILL,2017,25.46421956649624,1
SENGA HILL,2018,28.947635218778064,11
SENGA HILL,2019,25.06436470061934,2
SENGA HILL,2020,66.70529319090305,0
SENGA HILL,2021,28.206431953747543,10
SENGA HILL,2022,-5.195158600524518,14
SENGA HILL,2023,33.27282541067176,3
SENGA HILL,2024,77.5812398371821,3
SENGA HILL,2025,-51.78786407905926,20
SENGA HILL,2026,56.42227527740986,0
SERENJE,2000,-5.478972183862439,14
SERENJE,2001,67.84650974030019,0
SERENJE,2002,4.305625341170444,3
SERENJE,2003,34.34434871286287,7
SERENJE,2004,-0.20387059722821732,10
SERENJE,2005,-190.20392323412173,83
SERENJE,2006,45.90967656951543,0
SERENJE,2007,-5.212992294464546,2
SERENJE,2008,-31.903248251819612,20
SERENJE,2009,41.55847206093394,0
SERENJE,2010,42.73448524949447,0
SERENJE,2011,17.628207400914356,1
SERENJE,2012,55.33529396440799,0
SERENJE,2013,-9.301538554693593,1
SERENJE,2014,-0.42380903410160764,0
SERENJE,2015,20.261396190516642,7
SERENJE,2016,-39.08500194122912,16
SERENJE,2017,40.38812351460784,0
SERENJE,2018,0.6294153035129079,10
SERENJE,2019,-2.2667036056655903,9
SERENJE,2020,-13.507961575918857,4
SERENJE,2021,50.0404645462432,0
SERENJE,2022,34.52118176860551,3
SERENJE,2023,81.75431835800882,0
SERENJE,2024,-203.9377287759957,63
SERENJE,2025,-56.249178835629706,14
SERENJE,2026,18.86283494021521,2
SHIBUYUNJI,2000,52.88545060351223,5
SHIBUYUNJI,2001,74.51881348761133,0
SHIBUYUNJI,2002,-135.3348141118188,43
SHIBUYUNJI,2003,28.43538454945526,11
SHIBUYUNJI,2004,-12.914621362530818,10
SHIBUYUNJI,2005,-166.27866809087655,68
SHIBUYUNJI,2006,65.76482625918418,0
SHIBUYUNJI,2007,3.448924512979366,0
SHIBUYUNJI,2008,-42.87049805158375,0
SHIBUYUNJI,2009,54.25006295318219,0
SHIBUYUNJI,2010,44.40703231602986,0
SHIBUYUNJI,2011,38.74908328701688,0
SHIBUYUNJI,2012,58.040290318090285,0
SHIBUYUNJI,2013,-14.843034890464859,0
SHIBUYUNJI,2014,57.555528610219206,0
SHIBUYUNJI,2015,44.16349937397322,0
SHIBUYUNJI,2016,3.13595143266324,19
SHIBUYUNJI,2017,84.629251115124,0
SHIBUYUNJI,2018,-5.0993696360130105,20
SHIBUYUNJI,2019,-63.73577557264376,22
SHIBUYUNJI,2020,-86.29459522995448,15
SHIBUYUNJI,2021,22.860314359373756,0
SHIBUYUNJI,2022,43.23677322604334,0
SHIBUYUNJI,2023,-29.192831404991093,0
SHIBUYUNJI,2024,-153.32776369616437,40
SHIBUYUNJI,2025,-7.701501427519842,0
SHIBUYUNJI,2026,39.2007620553178,0
SIAVONGA,2000,66.26584705290837,3
SIAVONGA,2001,54.40604868164749,3
SIAVONGA,2002,-163.00632722322513,53
SIAVONGA,2003,-4.6073340220750465,14
SIAVONGA,2004,8.517991981002256,8
SIAVONGA,2005,-151.88065892311562,62
SIAVONGA,2006,90.92087952076933,0
SIAVONGA,2007,21.11014719831207,0
SIAVONGA,2008,-13.372121849773276,0
SIAVONGA,2009,61.93867666075494,0
SIAVONGA,2010,13.332037595014654,1
SIAVONGA,2011,32.27048156945212,0
SIAVONGA,2012,57.51466545661014,0
SIAVONGA,2013,19.743550922593446,0
SIAVONGA,2014,45.490647004751786,0
SIAVONGA,2015,56.034153413591035,0
SIAVONGA,2016,-20.18135811491662,31
SIAVONGA,2017,89.04332917896296,0
SIAVONGA,2018,36.51038701113656,16
SIAVONGA,2019,-122.13606050446046,52
SIAVONGA,2020,-78.76929259972495,20
SIAVONGA,2021,20.88373478505273,0
SIAVONGA,2022,44.93091708714307,0
SIAVONGA,2023,-24.54182747939117,2
SIAVONGA,2024,-114.69202378666877,61
SIAVONGA,2025,-17.25420390452274,0
SIAVONGA,2026,-9.593236818284888,0
SINAZONGWE,2000,78.25990488028724,3
SINAZONGWE,2001,30.683449623478904,8
SINAZONGWE,2002,-141.7700072612083,73
SINAZONGWE,2003,-37.77977146082232,31
SINAZONGWE,2004,34.23312447519313,0
SINAZONGWE,2005,-134.5687459543335,23
SINAZONGWE,2006,76.31104845953496,0
SINAZONGWE,2007,-34.461985924041805,0
SINAZONGWE,2008,-29.626894754357266,0
SINAZONGWE,2009,36.08661638080595,0
SINAZONGWE,2010,53.480706902087235,0
SINAZONGWE,2011,42.70854491384835,0
SINAZONGWE,2012,56.84684338909301,0
SINAZONGWE,2013,2.9848013185255677,0
SINAZONGWE,2014,70.83928034685523,0
SINAZONGWE,2015,25.2016915803698,0
SINAZONGWE,2016,12.075227595957665,17
SINAZONGWE,2017,85.05499526513378,0
SINAZONGWE,2018,29.59859037535743,17
SINAZONGWE,2019,-141.12424503277643,56
SINAZONGWE,2020,-13.343193106337276,7
SINAZONGWE,2021,7.633627754097947,0
SINAZONGWE,2022,51.98351731760012,0
SINAZONGWE,2023,-37.738725552515774,7
SINAZONGWE,2024,-169.07741975164333,67
SINAZONGWE,2025,15.286732899104235,1
SINAZONGWE,2026,29.03414587027073,0
SINDA,2000,49.93204820820806,10
SINDA,2001,75.36312906404017,0
SINDA,2002,-66.11777689926545,11
SINDA,2003,68.40728462988471,3
SINDA,2004,-28.24849697330282,16
SINDA,2005,-163.64798290248012,76
SINDA,2006,51.68923143351779,0
SINDA,2007,-5.186071239030146,0
SINDA,2008,-23.980656221036316,1
SINDA,2009,45.34482509210453,0
SINDA,2010,41.51797778483088,3
SINDA,2011,-11.447328552210978,0
SINDA,2012,61.50722391362953,0
SINDA,2013,13.380394184955684,0
SINDA,2014,4.579153546424994,0
SINDA,2015,29.565038169390085,5
SINDA,2016,-61.63459598436618,26
SINDA,2017,67.64648913987557,0
SINDA,2018,-69.8396579514539,25
SINDA,2019,16.59719194970506,6
SINDA,2020,-58.017347477426945,9
SINDA,2021,50.104464834492425,0
SINDA,2022,19.038610539595023,3
SINDA,2023,91.46394243332786,0
SINDA,2024,-193.0002446226449,82
SINDA,2025,-20.893373574380682,8
SINDA,2026,13.550591269773662,8
SOLWEZI,2000,6.696013876835007,6
SOLWEZI,2001,36.61404838607076,0
SOLWEZI,2002,-20.520398160884646,11
SOLWEZI,2003,15.195676829014586,9
SOLWEZI,2004,10.312339971204775,6
SOLWEZI,2005,-77.19932947897351,23
SOLWEZI,2006,-5.157169776892417,3
SOLWEZI,2007,-38.38579985653728,2
SOLWEZI,2008,-37.44455175197783,14
SOLWEZI,2009,17.001402510767754,0
SOLWEZI,2010,41.05636487351179,2
SOLWEZI,2011,9.406803893084401,6
SOLWEZI,2012,4.731340238078046,5
SOLWEZI,2013,-48.82127357255792,33
SOLWEZI,2014,46.85947895899339,1
SOLWEZI,2015,14.341216957586624,16
SOLWEZI,2016,2.444177072711679,6
SOLWEZI,2017,18.552616480664113,5
SOLWEZI,2018,36.25996104489549,5
SOLWEZI,2019,-18.70413201213758,19
SOLWEZI,2020,35.54841064380173,0
SOLWEZI,2021,-1.7022556427028444,3
SOLWEZI,2022,53.41164784638928,6
SOLWEZI,2023,33.66155274639815,3
SOLWEZI,2024,-139.5465474087968,44
SOLWEZI,2025,-20.480255365739005,13
SOLWEZI,2026,23.57044875771791,1
VUBWI,2000,-0.15143247907103063,12
VUBWI,2001,64.24003138764864,0
VUBWI,2002,39.7961791486075,0
VUBWI,2003,43.64484722000421,3
VUBWI,2004,23.585769247872914,2
VUBWI,2005,-152.12875594697732,59
VUBWI,2006,72.8046814878699,0
VUBWI,2007,-3.1357179901757024,0
VUBWI,2008,-39.063078512061466,4
VUBWI,2009,56.78178530395337,0
VUBWI,2010,30.819374716685324,0
VUBWI,2011,32.85589207856982,0
VUBWI,2012,39.00435641488469,0
VUBWI,2013,2.5111759197601233,0
VUBWI,2014,-3.770052644445001,0
VUBWI,2015,-16.40772404493597,0
VUBWI,2016,-106.8272352556633,31
VUBWI,2017,41.86653354684867,0
VUBWI,2018,-64.3084939389555,28
VUBWI,2019,26.427688712946694,7
VUBWI,2020,-27.244688702103474,3
VUBWI,2021,47.21331772245094,0
VUBWI,2022,-10.697506999917842,7
VUBWI,2023,88.81914788210202,0
VUBWI,2024,-177.18527518690763,59
VUBWI,2025,-35.38208746996242,22
VUBWI,2026,23.379328901371878,3
ZAMBEZI,2000,16.268785051115703,0
ZAMBEZI,2001,40.16394075551072,0
ZAMBEZI,2002,-8.910457656131145,6
ZAMBEZI,2003,23.518577188787315,4
ZAMBEZI,2004,31.6402903694502,7
ZAMBEZI,2005,-44.141204980745634,11
ZAMBEZI,2006,17.00791118962009,0
ZAMBEZI,2007,11.04176561434097,0
ZAMBEZI,2008,-20.71179321450282,11
ZAMBEZI,2009,-13.765254156198356,8
ZAMBEZI,2010,46.983939696172335,0
ZAMBEZI,2011,30.086307789195487,0
ZAMBEZI,2012,-3.2182330956121676,8
ZAMBEZI,2013,-56.70183821233857,38
ZAMBEZI,2014,52.726659625529,4
ZAMBEZI,2015,-7.215690796427478,17
ZAMBEZI,2016,13.476401002288911,4
ZAMBEZI,2017,4.244863823479049,12
ZAMBEZI,2018,58.90950312029452,0
ZAMBEZI,2019,-58.5589721769847,21
ZAMBEZI,2020,31.164266985315766,3
ZAMBEZI,2021,-9.096768061933744,4
ZAMBEZI,2022,51.22113398663765,3
ZAMBEZI,2023,-0.9705597974108824,9
ZAMBEZI,2024,-216.8531947322052,72
ZAMBEZI,2025,8.782423801504004,12
ZAMBEZI,2026,-0.44845550161557984,8
ZIMBA,2000,72.07499876684338,0
ZIMBA,2001,15.036197246255941,20
ZIMBA,2002,-157.73727892274283,84
ZIMBA,2003,-42.08286651865914,15
ZIMBA,2004,44.96640901388176,0
ZIMBA,2005,-117.78810050595585,19
ZIMBA,2006,75.18215565620687,0
ZIMBA,2007,-34.78393915000127,0
ZIMBA,2008,-34.6948374096462,0
ZIMBA,2009,46.47858078811683,0
ZIMBA,2010,80.4294019346243,0
ZIMBA,2011,37.03142822386415,0
ZIMBA,2012,43.4346855174596,0
ZIMBA,2013,-12.205857641926006,0
ZIMBA,2014,52.68220104914482,0
ZIMBA,2015,20.05740333838909,0
ZIMBA,2016,3.0148450635420643,13
ZIMBA,2017,71.90699508637987,0
ZIMBA,2018,43.62146642424159,16
ZIMBA,2019,-102.42105575676185,45
ZIMBA,2020,-26.026078370788632,7
ZIMBA,2021,17.06408651551253,0
ZIMBA,2022,55.72974746774292,0
ZIMBA,2023,-41.05684134165543,9
ZIMBA,2024,-169.0693429366752,69
ZIMBA,2025,9.441336863058448,4
ZIMBA,2026,47.49411889306064,0
